<?xml version="1.0" encoding="UTF-8" standalone="yes"?>
<addon id="plugin.program.gammawizard" name="[COLOR purple]Gamma Wizard[/COLOR]" version="1.0" provider-name="sClarke">
  <requires>
    <import addon="xbmc.python" version="2.1.0"/>
  </requires>
  <extension point="xbmc.python.pluginsource" library="default.py">
    <provides>executable</provides>
  </extension>
  <extension point="xbmc.service" library="startup.py" start="startup" />
  <extension point="xbmc.addon.metadata">
    <summary lang="en">[COLOR purple]Gamma Wizard[/COLOR]</summary>
    <description lang="en">Gamma Wizard, Bringing you Custom Builds.</description>
    <platform>all</platform>
  </extension>
</addon>